"WS","WS_l","WS_dl","PS","PS_l","PS_dl","Y","Y_l","Y_dl","Yrw","Yrw_l","Yrw_dl","Tax","Yf","Yf_l","Yf_dl","C","C_l","C_dl","W","W_l","W_dl","R","R_l","R_dl","It","It_l","It_dl","Itcurr","Itcurr_l","Itcurr_dl","Ipr","Ipr_l","Ipr_dl","Ips","Ips_l","Ips_dl","I","I_l","I_dl","r","r_l","r_dl","P","P_l","P_dl","Pm","Pm_l","Pm_dl","Px","Px_l","Px_dl","X","X_l","X_dl","M","M_l","M_dl","rulc","rulc_l","rulc_dl","ulc","ulc_l","ulc_dl","Tau","Tau_l","Tau_dl","dPxdPm","dPdPm"
69.1543766,1.98768868708478,-0.274815615795811,-68.1543766,1.20989802548096,1.16619764947815,955.911,5.98896893565859,0.0949463389641387,15018611233303.4,27.9450431495597,0.906218539767199,26.04,929.871,5.93520605174931,0.0910157563857554,480.567,5.19793333650818,0.00134973689562301,64304.6493234186,10.2660871843266,0.00712971944687801,-63374.7783234186,10.9636192186009,-0.00296248926977327,177.2253,4.62703049871836,0.16757186900973,41.684,3.49692868490277,0.226679368862866,34.68,1.99470031322475,1.99470031322475,0.831973898858075,0.03428039587213,0.0217521760030902,147.446823817292,3.58788363964654,0.62042277951151,1.2671882,1.16930259869079,-0.483814859970971,16.8895199,2.30398837792902,0.159870738638189,26.0223255,1.97944117638104,0.174679223678518,23.4683562,2.18640531518268,0.176161786565607,181.662,4.5451547535781,0.101409977551214,166.365,4.54367768767578,0.0203468223041643,67.2705401689264,2.70666442653693,-0.149835955655363,1136.16712686683,6.45383980870637,0.103094705650899,69.0220938,2.94896356461653,0.0429876210819122,1.00848734529424,0.91522469170356
67.9616267,1.80925468158675,-0.178434005498025,-66.9616267,1.51422409998629,0.304326074505333,995.036,6.08251110512632,0.0935421694677343,15995158401664.5,28.4835056736239,0.538462524064265,28.898,966.138,6.02679525205745,0.0915892003081327,516.93,5.38109939577509,0.183166059266909,65660.3100966846,10.312176411715,0.0460892273884781,-64694.1720966846,10.9405014780907,-0.0231177405102194,186.6785,4.71548809344873,0.0884575947303716,47.782,3.666426768513,0.169498083610233,40.741,2.5960752657288,0.601374952504058,0.852643254782136,0.0540563653393459,0.0197759694672159,159.170163837847,3.86871485368594,0.280831214039404,1.7625134,1.31239795120069,0.143095352509899,18.683238,2.46875701020036,0.164768632271338,28.3323192,2.25640401419929,0.276962837818247,26.4187761,2.47262920614036,0.286223890957678,196.841,4.69459032624342,0.149435572665314,195.974,4.8174145564333,0.273736868757525,65.9878739027378,2.61714481676759,-0.08951960976934,1232.86715323884,6.59555705355222,0.141717244845843,70.2086589,3.00927648520883,0.0603129205923039,1.03343789084624,0.594912420631192
70.1466517,2.11516092800914,0.305906246422381,-69.1466517,0.859029178597867,-0.655194921388426,983.868,6.05669033202569,-0.0258207731006346,16193681331998.2,28.5647548294749,0.0812491558510082,30.575,953.293,5.99530690578421,-0.0314883462732372,505.21,5.32564552741814,-0.0554538683569543,66870.3120390481,10.3515928582136,0.0394164464985263,-65917.0190390481,10.9185874322678,-0.0219140458228448,173.3071,4.58794162294415,-0.127546470504575,51.704,3.76198817718454,0.0955614086715411,43.456,2.78043287626283,0.184357610534027,0.840476558873588,0.042462952056852,-0.0115934132824939,145.660555036361,3.53721911708763,-0.33149573659831,2.2897838,1.44511547524063,0.132717524039947,21.1618391,2.65930536890527,0.190548358704912,36.8713468,2.89523314440743,0.638829130208145,31.3554716,2.82079936732999,0.348170161189628,203.563,4.75424514898841,0.0596548227449913,192.019,4.78490506688528,-0.0325094895480218,67.9667516771031,2.75209511074069,0.134950293973093,1438.30146314051,6.84297220011012,0.247415146557906,68.7963526,2.93706558342524,-0.0722109017835906,0.545012969393219,0.298277504413155
70.9381687,2.20634253766272,0.0911816096535816,-69.9381687,0.450661903218241,-0.408367275379626,969.536,6.02254646067101,-0.0341438713546793,16191371878132.6,28.5638466094061,-0.000908220068872367,33.285,936.251,5.95193832729229,-0.0433685784919176,521.085,5.40004328505271,0.0743977576345785,66415.9313835437,10.3369727351593,-0.0146201230542928,-65479.6803835437,10.9264800416223,0.00789260935446556,156.6748,4.40255938752038,-0.185382235423769,51.929,3.76720299255484,0.00521481537029489,42.605,2.72621750505766,-0.0542153712051716,0.820447148991893,0.0230795960753003,-0.0193833559815517,128.543392978875,2.84804642414637,-0.689172692941259,-0.5608924,0.330501446880024,-1.11461402836061,23.9881729,2.83982062663391,0.18051525772864,38.6545282,2.98925631975675,0.0940231753493137,33.8010988,2.9567780180977,0.135978650767715,202.088,4.74145653024606,-0.012788618742352,182.488,4.70192477667404,-0.0829802902112382,68.5028007041963,2.78572014602541,0.0336250352847216,1643.2570274265,7.0407345487274,0.19776234861728,67.5154632,2.86673523092324,-0.0703303525020065,1.44622482980956,1.91990173760876
69.9879598,2.09583493275624,-0.11050760490648,-68.9879598,0.924084084656452,0.473422181438211,1026.977,6.15287949243943,0.130333031768418,16996434139647.1,28.8390086917139,0.275162082307844,40.379,986.598,6.07498941578487,0.123051088492574,560.824,5.56511410078365,0.165070815730934,69049.9811627604,10.4188988357086,0.0819261005492855,-68063.3831627604,10.8789225864088,-0.0475574552134699,182.8111,4.68023962435643,0.27768023683605,65.193,4.03464586577111,0.267442873216268,54.81,3.31345846735415,0.58724096229649,0.84073443467857,0.042710076388312,0.0196304803130117,153.695586811468,3.74729541858436,0.899248994437988,5.0191126,1.9418549091018,1.61135346222178,26.2382852,2.96335411265327,0.12353348601936,41.4341609,3.12018334392683,0.130927024170089,36.4029915,3.08364180874543,0.126863790647723,209.021,4.80019405902493,0.0587375287788712,213.112,4.94721969779808,0.245294921124042,67.2361515036465,2.70436603036339,-0.0813541156620157,1764.16131890309,7.14134853024162,0.100613981514216,69.8986809,2.99386798685094,0.127132755927704,0.968965661992836,0.94352931949997
70.2464731,2.12712887176077,0.0312939390045317,-69.2464731,0.815827626523604,-0.108256458132849,1046.185,6.19292879126343,0.0400492988240018,17664825287299.1,29.0210918257812,0.18208313406728,47.578,998.607,6.10223169555031,0.0272422797654412,571.95,5.60683462126288,0.0417205204792355,70148.6197629717,10.4511804951236,0.0322816594150392,-69150.0127629717,10.8582253635475,-0.020697222861358,181.727,4.67013174263352,-0.0101078817229094,70.043,4.11696836964336,0.0823225038722555,58.081,3.42592251404896,0.112464046694807,0.829219193923733,0.0316149739787419,-0.01109510240957,150.691516454178,3.67382077140004,-0.0734746471843231,6.7454122,2.16308971108849,0.221234801986685,28.5671622,3.0769290073908,0.113574894737533,44.3899836,3.24284055505546,0.122657211128628,39.1428476,3.20183720450305,0.118195395757624,216.517,4.86004493546375,0.0598508764388255,214.943,4.96014167987927,0.0129219820811866,67.0518309505218,2.69195595129565,-0.0124100790677466,1915.48053057054,7.25449591650827,0.113147386266649,70.4532371,3.02126868614255,0.0274006992916123,0.963623701126511,0.925953669519108
70.3219125,2.13607948607128,0.0089506143105087,-69.3219125,0.781893501663287,-0.0339341248603166,1069.476,6.23943338513779,0.0465045938743618,18412312344635.5,29.1918192649453,0.170727439164157,56.23,1013.246,6.13446666920918,0.0322349736588698,581.839,5.64250972618439,0.0356751049215029,71253.396552975,10.4826245568765,0.0314440617528575,-70240.150552975,10.8370217338889,-0.0212036296586184,185.4589,4.70450588885498,0.0343741462214586,76.563,4.21793146355974,0.100963093916377,63.502,3.58828533887823,0.162362824829278,0.829408461005969,0.0317983341734792,0.000183360194737268,153.82118082886,3.7502527289131,0.0764319575130679,7.2004821,2.21408609732095,0.0509963862324634,31.1252755,3.18840829982313,0.111479292432326,45.4536988,3.28354196286239,0.0407014078069321,41.5729348,3.2961231250283,0.094285920525254,219.539,4.88319578440656,0.0231508489428043,217.027,4.97464881184185,0.0145071319625787,66.6245867630269,2.66258371341845,-0.0293722378771926,2073.70861807287,7.36053512054648,0.106039204038212,70.837282,3.03981375497052,0.01854506882797,2.31652725558047,2.73895421409329
70.8571528,2.19738245376197,0.0613029676906907,-69.8571528,0.500997384459349,-0.280896117203938,1110.855,6.31706901430079,0.0776356291629936,19173874560185.4,29.3401565198924,0.148337254947077,65.375,1045.48,6.20198253031076,0.067515861101584,587.843,5.66356446436741,0.0210547381830217,74079.736109344,10.5588366671261,0.0762121102496867,-73034.256109344,10.7805288702793,-0.0564928636095363,186.5578,4.71440658071304,0.00990069185806153,82.687,4.30429344550818,0.0863619819484374,67.334,3.68897944911427,0.100694110236036,0.81432389613845,0.0170780739082002,-0.014720260265279,151.918474551018,3.70448513425923,-0.0457675946538751,9.0329548,2.39657740479168,0.182491307470726,33.3253801,3.27525248722007,0.0868441873969368,50.5576525,3.45864909119042,0.175107128328028,44.453363,3.39746235847245,0.101339233444144,243.446,5.04959315219335,0.166397367786794,231.492,5.06992883433811,0.0952800224962651,66.6871338827696,2.66693799027167,0.00435427685321876,2222.37408442288,7.45086029777362,0.0903251772271441,72.296671,3.10730670230233,0.0674929473318029,0.57872705932511,0.495948898403791
71.5075193,2.26714313135797,0.0697606775960038,-70.5075193,0,-0.500997384459349,1105.49,6.30733676717411,-0.00973224712667342,19462011863090.9,29.39100100951,0.0508444896176314,69.552,1035.938,6.18246685855713,-0.0195156717536333,574.69,5.61684745838738,-0.0467170059800281,74077.3565286034,10.5587748840737,-0.0000617830524678453,-73041.4185286034,10.7803798765838,-0.000148993695489708,169.2056,4.54531826556103,-0.169088315152012,81.988,4.29480478099013,-0.00948866451804342,66.718,3.67346120138556,-0.0155182477287137,0.813753232180319,0.0165169156230917,-0.000561158285108512,137.69160390301,3.27344933753893,-0.431035796720299,9.1070676,2.4033011618871,0.0067237570954215,36.2615293,3.38052014340529,0.105267656185224,60.4260793,3.72912009167898,0.270471000488557,50.6914213,3.58701882337417,0.189556464901723,257.032,5.1331183783108,0.0835252261174508,218.611,4.98553626559679,-0.084392568741321,67.0086174715316,2.689024017753,0.0220860274813313,2429.83494579643,7.56465552398857,0.113795226214951,71.6504908,3.07798295263288,-0.0293237496694494,0.700838406185222,0.389201267400487
70.2584021,2.12854954818918,-0.13859358316879,-69.2584021,0.810537783669193,0.810537783669193,1098.126,6.29382215516705,-0.0135146120070582,19876485566223.9,29.4598827466947,0.0688817371846575,74.766,1023.36,6.15614579959944,-0.0263210589576879,567.471,5.59024790148908,-0.0265995568983008,71899.638373056,10.5005696822278,-0.0582052018459205,-70876.278373056,10.824437831407,0.0440579548231472,140.8725,4.18749028005563,-0.357827985505406,75.909,4.20825194909667,-0.0865528318934672,60.507,3.50185686476133,-0.171604336624223,0.797099158202585,0,-0.0165169156230917,112.289351163894,0,-3.27344933753893,7.7926952,2.27678033569995,-0.126520826187147,40.1393217,3.50447105638131,0.123950912976016,69.5161845,3.92656782878392,0.197447737104942,56.9346041,3.74642638941409,0.159407566039919,279.294,5.25648965813373,0.123371279822924,219.825,4.99380105676809,0.00826479117129697,65.4748529522623,2.578969124334,-0.110054893419007,2628.11618591105,7.66250800147665,0.0978524774880771,71.6160217,3.07639431862929,-0.00158863400358866,0.807340556935304,0.627765680141158
68.7751882,1.93433721163068,-0.194212336558497,-67.7751882,1.31703299823521,0.506495214566012,1138.587,6.36591874918202,0.0720965940149698,19871981273302.4,29.4591591122399,-0.000723634454807609,81.627,1056.96,6.22496804834031,0.0688222487408714,575.462,5.61965058432645,0.0294026828373655,72692.622919872,10.5221585003761,0.0215888181483557,-71635.662919872,10.8092053156747,-0.0152325157322988,152.5628,4.35089194136803,0.163401661312402,90.014,4.39868584621926,0.190433897122597,74.303,3.84957296855494,0.347716103793608,0.825460483924723,0.0279665894423886,0.0279665894423886,125.934562716911,2.68411342558452,2.68411342558452,9.4017041,2.42959320647218,0.152812870772224,44.2112699,3.61995245635012,0.115481399968814,77.6322873,4.07496903820433,0.148401209420407,62.6730317,3.87344488736641,0.127018497952316,288.134,5.30154714519323,0.0450574870595011,226.72,5.0394883457363,0.0456872889682094,63.8445923937934,2.44696937955452,-0.13199974477948,2822.65050597749,7.75002040983041,0.0875124083537626,73.7536978,3.17043176859652,0.0940374499672316,0.855912822061202,0.778170207775503
68.0623833,1.8256215395688,-0.108715672061883,-67.0623833,1.49181046467329,0.174777466438088,1168.146,6.41548640869453,0.0495676595125092,20432278232453.1,29.5453796934344,0.0862205811945103,91.083,1077.063,6.26398837415583,0.039020325815514,586.469,5.65878510872547,0.03913452439902,73307.4747442479,10.5385826822082,0.0164241818321234,-72230.4117442479,10.7971110652712,-0.0120942504035035,159.2866,4.43404254291314,0.0831506015451167,100.537,4.52034079038109,0.121654944161824,85.425,4.06207960163483,0.212506633079885,0.849687179844236,0.0512519140909669,0.0232853246485783,135.343781940977,3.18031921147852,0.496205785893995,6.5689852,2.14259747467024,-0.286995731801932,47.4766436,3.70379679525905,0.0838443389089343,80.8710346,4.12854316321871,0.0535741250143795,66.1027356,3.94231029759626,0.0688654102298556,301.376,5.36545718886605,0.0639100436728217,231.188,5.06801701633436,0.0285286705980621,62.7554044993074,2.34794959704945,-0.0990197825050676,2979.41597338745,7.8153625244399,0.065342114609483,75.2959574,3.23317413508902,0.0627423664925049,1.28542295765674,1.56501555343051
66.34249,1.50113043652908,-0.324491103039725,-65.34249,1.81889288924086,0.327082424567568,1216.813,6.49209588526626,0.07660947657173,21396719715935.5,29.6783304510702,0.132950757635754,101.462,1115.351,6.33434105397074,0.0703526798149161,607.096,5.72823766068913,0.0694525519636686,73995.16256399,10.5566384667258,0.018055784517605,-72879.81156399,10.7837362598468,-0.0133748054243981,175.7707,4.6126967899075,0.178654246994357,116.368,4.679330085365,0.158989294983914,100.162,4.28815541906381,0.226075817428986,0.860734909940877,0.0616929937163897,0.0104410796254227,151.291977634745,3.68894511372958,0.508625902251066,7.9753276,2.29534754501584,0.152750070345598,50.3059626,3.77116162309031,0.0673648278312506,86.9903924,4.22254373295263,0.0940005697339172,71.3609201,4.0394608897833,0.0971505921870319,311.316,5.41088236746519,0.0454251785991406,243.583,5.14314783453378,0.0751308181994217,60.8106278976227,2.14233599798355,-0.205613599065899,3059.13717270033,7.84702260156851,0.0316600771286133,77.3154413,3.30979490151131,0.0766207664222871,1.03351067405263,0.716642761016629
66.1610703,1.45985576428914,-0.0412746722399384,-65.1610703,1.84789544388849,0.0290025546476307,1265.531,6.56332365027322,0.0712277650069613,22189819469297,29.7757971276545,0.097466676584343,111.457,1154.074,6.40079035976309,0.0664493057923492,634.35,5.8131778393517,0.084940178662567,76354.7710454022,10.6162248264618,0.0595863597359845,-75200.6970454022,10.7344186837079,-0.0493175761388294,200.1537,4.82942112392334,0.216724334015841,137.229,4.85638716507653,0.177057079711535,117.896,4.50607886667711,0.217923447613297,0.859118699400272,0.0601723230249329,-0.00152067069145677,171.955786424152,4.10539058401007,0.41644547028049,6.9795576,2.18965329851546,-0.105694246500385,52.4645678,3.81966844666952,0.048506823579217,88.4115616,4.24316582016103,0.0206220872084,73.2746337,4.07260034425806,0.0331394544747665,330.109,5.4915046766523,0.0806223091871061,267.772,5.27526877681121,0.132120942277426,60.334176756952,2.08478528413177,-0.0575507138517848,3165.40650712229,7.88772508745419,0.0407024858856815,78.6761486,3.35829742063637,0.0485025191250599,1.60698837803711,2.35217818104555
67.2422186,1.68389337277824,0.224037608489097,-66.2422186,1.6611382569655,-0.186757186922993,1327.595,6.64728232485915,0.0839586745859258,22928625175488.3,29.8587677682684,0.0829706406138548,129.729,1197.866,6.47097425631435,0.0701838965512556,679.577,5.93992911814506,0.126751278793361,80547.1674255076,10.7140560570573,0.0978312305955171,-79349.3014255076,10.6397061459975,-0.0947125377104268,236.7045,5.08567659247029,0.256255468546946,160.946,5.02569400706463,0.169306841988095,142.523,4.7466089825267,0.240530115849594,0.885533035925093,0.0847398536116999,0.024567530586767,209.609654502131,4.58823055046699,0.48283996645692,7.5789171,2.2545995115611,0.0649462130456415,53.6794303,3.8459676673051,0.0262992206355803,79.7303247,4.10999964444966,-0.133166175711364,68.8063759,3.99344023631937,-0.0791601079386912,334.53,5.50956241054506,0.0180577338927623,290.475,5.38516456339418,0.109895786582969,60.6714904963544,2.12586916785784,0.0410838837260772,3256.81104529617,7.92145592551459,0.0337308380604009,80.4249943,3.41736800946142,0.0590705888250449,0.594446055958458,-0.197491746647314
69.0467564,1.97283366505735,0.288940292279116,-68.0467564,1.24148905609447,-0.419649200871029,1330.97,6.6516519737408,0.00436964888164759,23776610455952.6,29.9462182537889,0.0874504855204954,134.635,1196.335,6.468601889558,-0.00237236675634733,666.64,5.90528282585883,-0.0346462922862338,82603.051317794,10.7587452876709,0.0446892306135602,-81406.716317794,10.5891841219366,-0.0505220240609567,244.1229,5.13053579005412,0.0448591975838317,167.489,5.06776455936324,0.0420705522986111,146.939,4.78422808952145,0.0376191069947476,0.877305375278376,0.0771519646459193,-0.00758788896578064,214.170332398546,4.63357279810568,0.0453422476386933,6.2386818,2.10306529055593,-0.151534221005168,56.2317199,3.89906425635948,0.0530965890543729,77.3035841,4.06936781231021,-0.0406318321394519,67.6436493,3.97177090609571,-0.0216693302236632,350.779,5.57326368244781,0.0637012719027545,287.053,5.36935348252187,-0.0158110808723055,62.0622939042909,2.27941692293485,0.153547755077009,3489.86952717756,8.00264023617085,0.0811843106562593,79.3745105,3.3823060114451,-0.0350619980163178,0.533309208142332,-1.30677319378907
69.2758868,2.00419994644898,0.0313662813916247,-68.2758868,1.17298742751059,-0.0685016285838829,1330.789,6.65141811499945,-0.00023385874134263,24947634424433.1,30.0556417976107,0.109423543821805,138.63,1192.159,6.462102194072,-0.00649969548599838,654.422,5.87142177266401,-0.0338610531948147,82587.8719316012,10.7584225418844,-0.000322745786530021,-81395.7129316012,10.5894612253977,0.000277103461101547,230.257,5.04498390138324,-0.0855518886708797,162.142,5.03351748838013,-0.0342470709831124,138.916,4.71479559404927,-0.0694324954721752,0.856755189895277,0.057944357059856,-0.0192076075860633,197.273879759717,4.45416738002099,-0.179405418084698,5.7005575,2.03511284596778,-0.0679524445881468,58.4498247,3.94302440739886,0.0439601510393799,78.3608316,4.08727299754253,0.0179051852323209,68.298219,3.98402760404188,0.0122566979461718,382.847,5.68819495131449,0.114931268866674,299.179,5.42428900610997,0.0549355235881004,62.0593286626214,2.27911340258801,-0.00030352034684622,3627.3568813299,8.04761384761951,0.0449736114486612,78.9283664,3.3670349166412,-0.0152710948038961,0.684533434708459,2.45516315352197
67.371166,1.70755038034073,-0.296649566108251,-66.371166,1.63634335296262,0.463355925452032,1339.375,6.66245174900106,0.0110336340016062,25919927399602.8,30.1381976136505,0.0825558160398714,138.952,1200.423,6.47492395864918,0.0128217645771782,656.504,5.87727349006534,0.00585171740132484,80873.897203218,10.7212930948799,-0.0371294470044887,-79673.474203218,10.6319131941439,0.0424519687462155,235.0254,5.07523756320188,0.0302536618186418,170.659,5.08752781436636,0.0540103259862361,147.99,4.79297667301262,0.0781810789633415,0.867167861056258,0.0677228546870134,0.00977849762715741,203.806473411892,4.52739373277225,0.0732263527512682,4.510743,1.86614020893923,-0.168972637028555,61.3520255,3.9977703026388,0.0547458952399489,82.4135301,4.15308350608838,0.0658105085458516,72.6409598,4.06174828072434,0.0777206766824561,400.68,5.74681961393074,0.0586246626162534,315.328,5.49305732810574,0.06876832199577,60.3818177905501,2.09069120121767,-0.188422201370337,3704.54682482218,8.07200427207581,0.0243904244562945,78.9818364,3.36887749229203,0.00184257565082779,1.1809766920173,0.8318716334156
66.5365931,1.54348213145809,-0.164068248882631,-65.5365931,1.78690205774973,0.150558704787116,1359.134,6.68739036368084,0.0249386146797779,26684974975631.5,30.1986809230174,0.0604833093668482,139.764,1219.37,6.50371450602689,0.0287905473777093,661.763,5.89190384662603,0.0146303565606871,81132.725528347,10.7269891724821,0.00569607760220769,-79913.355528347,10.6261072166372,-0.00580597750673029,234.4558,5.07167143906856,-0.00356612413332424,174.675,5.11201730599318,0.0244894916268183,151.728,4.82348610300542,0.0305094299928061,0.868630313439244,0.0690886117912514,0.00136575710423795,203.655415041649,4.52575963713574,-0.00163409563651573,7.8239402,2.27998138312643,0.413841174187199,62.9486788,4.02665800855894,0.0288877059201353,81.8058126,4.14348678822002,-0.00959671786836491,73.0079415,4.06804741672368,0.00629913599934362,426.832,5.82701728899083,0.0801976750600888,322.819,5.52341899956841,0.0303616714626651,59.6944271340037,2.00190082283174,-0.0887903783859332,3757.6853198084,8.08845575477276,0.0164514826969491,79.8225135,3.39740960374686,0.0285321114548269,-0.656384410352251,-3.01016517484193
65.9904598,1.41942154638461,-0.124060585073484,-64.9904598,1.87442327727634,0.0875212195266073,1378.076,6.7107277170207,0.0233373533398602,27018958572302.9,30.2239796990701,0.0252987760526864,143.018,1235.058,6.52694117284254,0.0232266668156482,672.5,5.92112523386073,0.0292213872347036,81502.0452996684,10.7350610837769,0.00807191129482199,-80266.9872996684,10.6174861252388,-0.00862109139831446,229.0035,5.03687662550148,-0.0347948135670748,174.331,5.10994292796956,-0.00207437802362431,152.248,4.82765752204015,0.00417141903473262,0.873327176463165,0.0734623521708098,0.00437374037955848,199.994980055182,4.48532334718128,-0.0404362899544548,6.4392965,2.12726155683543,-0.152719826290998,64.6227696,4.05607646345429,0.0294184548953496,83.4353062,4.16901405074361,0.0255272625235969,74.0506538,4.08573172970246,0.0176843129787825,453.179,5.90179144906153,0.0747741600707004,335.833,5.57406854813185,0.0506495485634444,59.1419089365669,1.92433573538656,-0.0775650874451719,3821.91395491194,8.10798606476006,0.0195303099873083,81.0094972,3.43635746738486,0.038947863638001,0.69276182522256,1.15243281053563
65.1262716,1.18495504773814,-0.234466498646469,-64.1262716,1.99894268936315,0.124519412086806,1405.045,6.74304217934681,0.0323144623261147,27581880678668.3,30.2652230589125,0.0412433598423867,146.956,1258.089,6.56009090338311,0.0331497305405746,689.752,5.96635953699344,0.0452343031327098,81934.6459109724,10.7444339507947,0.00937286701778106,-80676.5569109724,10.6074075582912,-0.0100785669476551,227.8283,5.02921560604185,-0.00766101945963182,172.464,5.09860893018828,-0.0113339977812759,146.238,4.77835008486476,-0.0493074371753917,0.847933481770109,0.0495844425206826,-0.0238779096501272,193.183243664765,4.40542441543941,-0.0798989317418712,7.2146218,2.21562971443647,0.0883681576010442,65.6928648,4.07443751867473,0.0183610552204447,82.6918972,4.1574487489437,-0.011565301799914,75.0636893,4.10261831678921,0.0168865870867458,454.406,5.90514111524801,0.00334966618647936,335.393,5.57239734858153,-0.00167119955032025,58.3146062303858,1.79563425904344,-0.12870147634312,3830.85354295797,8.11067437884877,0.00268831408870795,82.6986437,3.48929103333676,0.0529335659518972,-1.46010777573236,-1.58759845078848
65.3806966,1.25987045039877,0.0749154026606269,-64.3806966,1.96386551098285,-0.0350771783803023,1405.195,6.74321902192908,0.000176842582268577,27967654767838.4,30.292536048983,0.0273129900705094,151.897,1253.298,6.5532849031963,-0.00680600018680622,683.816,5.95102529183372,-0.0153342451597229,81941.4962873868,10.7445816689865,0.000147718191762181,-80688.1982873868,10.6071196008605,-0.000287957430632702,221.8064,4.98901116887952,-0.0402044371623269,167.674,5.0689287302213,-0.029680199966978,142.072,4.74268612973473,-0.0356639551300351,0.84731085320324,0.0489917581343412,-0.000592684386341379,187.938970029939,4.33924463291206,-0.0661797825273567,6.6813348,2.15569550419108,-0.0599342102453964,66.0738301,4.08089371886777,0.00645620019303461,81.5416605,4.13928656504033,-0.0181621839033728,73.8067748,4.08162349309969,-0.0209948236895183,459.992,5.92025046054832,0.0151093453003108,330.647,5.55419138408496,-0.0182059644965724,58.3132563718109,1.79541012754836,-0.000224131495081048,3852.98019408877,8.11729739171073,0.00662301286195444,83.3514712,3.50902104029112,0.019730006954366,1.15596361105118,-0.355474882722428
63.1372603,0.248053506137711,-1.01181694426106,-62.1372603,2.23754073727707,0.273675226294219,1480.126,6.82786539296411,0.0846463710350278,28875198082374.6,30.3539932128828,0.0614571638997923,167.014,1313.112,6.63510486298002,0.0818199597837195,729.345,6.06303143630047,0.112006144466758,82906.2941470536,10.7651711397803,0.020589470793853,-81593.1821470536,10.5844765511415,-0.022643049719095,237.0232,5.08764571672915,0.0986345478496231,181.782,5.15393820620861,0.085009475987305,154.499,4.84551691051192,0.102830780777193,0.84991363281293,0.0514670301744424,0.0024752720401011,201.449248972946,4.5015847362909,0.16234010337885,6.1679384,2.094391309939,-0.0613041942520756,67.1082175,4.09821606328116,0.0173223444133939,82.0130392,4.1467695473394,0.00748298229907096,73.521353,4.07679391840659,-0.00482957469310108,497.876,6.01710549037844,0.0968550298301212,374.587,5.71128095730013,0.157089573215167,56.0129976414532,1.31417658994265,-0.481233537605714,3758.93242854963,8.08883862313488,-0.0284587685758506,86.5757477,3.60113551250072,0.0921144722095946,-0.645407739866054,2.31489848847357
63.0914437,0.211647241250771,-0.0364062648869398,-62.0914437,2.24241839881274,0.00487766153567959,1524.939,6.87526411155718,0.0473987185930724,29746832140268,30.4096627824248,0.0556695695420473,171.498,1353.441,6.68671938000748,0.0516145170274536,741.59,6.09113113307137,0.028099696770898,85390.5466527717,10.8163143949546,0.0511432551743169,-84037.1056527717,10.520635958695,-0.063840592446466,262.0658,5.23137916848749,0.143733451758339,201.853,5.26363740854447,0.109699202335857,171.97,4.97424789664387,0.128730986131945,0.851956621898114,0.0534056522985914,0.001938622124149,223.268693683027,4.71831441249016,0.216729676199257,6.899136,2.18060887572674,0.0862175657877375,67.9688067,4.1124026867316,0.0141866234504402,82.6497128,4.15678845365376,0.0100189063143574,74.2028788,4.08828749014209,0.0114935717355058,511.405,6.04954004030208,0.0324345499236394,400.08,5.79225417374518,0.0809732164450541,55.9960409254217,1.30960998592846,-0.00456660401418429,3805.98408162528,8.10317764436227,0.0143390212273911,88.4662464,3.65144532107556,0.0503098085748395,1.14718826335716,1.41598523883892
63.4330147,0.455703683141423,0.244056441890651,-62.4330147,2.20546878912917,-0.0369496096835737,1569.163,6.9199357943913,0.0446716828341209,30688530643252.7,30.4665165193079,0.0568537368830881,183.532,1385.631,6.7260869887631,0.0393676087556232,759.796,6.13150253833467,0.0403714052632997,87894.7515917757,10.8653501340888,0.0490357391341512,-86509.1205917757,10.4516285781828,-0.0690073805122076,276.0016,5.30323724407838,0.0718580755908915,213.306,5.32123230244609,0.057594893901622,180.101,5.02894006814399,0.0546921715001281,0.844331617488491,0.0461509313955031,-0.00725472090308823,233.036877357411,4.8019494430172,0.0836350305270352,5.0736241,1.94964349999152,-0.230965375735223,69.3378233,4.13456391278896,0.0221612260573583,82.810221,4.15929850018715,0.00251004653339582,75.349292,4.10732803267746,0.0190405425353646,535.243,6.10424844118605,0.0547084008839649,412.608,5.82976586934705,0.0375116956018662,56.0137803349784,1.31438687404285,0.00477688811438104,3883.87360323175,8.12647172822501,0.0232940838627478,90.0299484,3.6912271087151,0.0397817876395421,7.58573288663491,8.82901004523473
63.2966313,0.365267571351348,-0.0904361117900752,-62.2966313,2.22038626255751,0.0149174734283406,1620.332,6.96924916993348,0.0493133755421793,31760157641495.5,30.5275111360668,0.0609946167589399,196.025,1424.307,6.77142442867279,0.0453374399096891,782.177,6.17899750095247,0.0474949626177974,90153.8350370091,10.9076132035548,0.0422630694659851,-88729.5280370091,10.3853046062689,-0.0663239719138939,304.1748,5.43441870403353,0.131181459955152,238.568,5.43763529732115,0.116402994875065,204.988,5.17986035382012,0.150920285676129,0.859243486133932,0.0602898155928248,0.0141388841973217,261.360215546092,5.01110761175136,0.209158168734167,4.1524532,1.80910997488279,-0.140533525108725,70.7342314,4.15667367879694,0.022109766007981,84.942458,4.1920583540655,0.0327598538783498,77.3729859,4.14007897025723,0.0327509375797703,559.383,6.1567586223243,0.0525101811382589,450.742,5.9359861917673,0.106220322420254,55.6391128713184,1.20830355707778,-0.106083316965061,3935.58988473055,8.14164386359633,0.0151721353713121,91.5794799,3.72914644664908,0.0379193379339808,0.999727828499707,0.674904292616299
65.1783092,1.20074080704498,0.835473235693636,-64.1783092,1.99186774747238,-0.228518515085133,1656.274,7.00248892898873,0.0332397590552453,32645999967743.6,30.5752657937424,0.0477546576755827,214.831,1441.443,6.79087297504511,0.019448546372324,800.577,6.21642245148778,0.0374249505353097,93950.8175481756,10.974854981748,0.0672417781932442,-92509.3745481756,10.2611768499563,-0.124127756312625,324.3908,5.51896019365627,0.0845414896227412,255.772,5.50980080215966,0.072165504838507,223.764,5.28032649702712,0.100466143206995,0.874857294778162,0.0748830842112062,0.0145932686183814,283.795657738924,5.15043379565837,0.139326183907003,3.6627272,1.72549241503761,-0.0836175598451778,71.6057782,4.17022942263158,0.0135557438346341,83.4317608,4.16895921075557,-0.023099143309933,75.7351501,4.11365598065967,-0.0264229895975623,582.329,6.20423851969691,0.04747989737261,484.912,6.0224373976555,0.0864512058882028,56.7241999501143,1.48905119086682,0.280747633789039,4061.78048020034,8.1777264118441,0.0360825482477765,92.0905351,3.7413438884493,0.0121974418002249,1.14389478618456,-0.586850501455822
65.2370279,1.2182590975308,0.0175182904858195,-64.2370279,1.98382388210845,-0.00804386536392743,1705.101,7.04594468121608,0.0434557522273566,33750990087844.2,30.6318055434849,0.0565397497424414,223.326,1481.775,6.83520813425714,0.0443351592120251,799.618,6.21450609321984,-0.00191635826794112,96666.5970165225,11.0203187888045,0.045463807056441,-95184.8220165225,10.1629621588389,-0.0982146911173611,323.5428,5.51555390576766,-0.00340628788861341,259.726,5.52567562349913,0.0158748213394659,225.722,5.29024487145715,0.00991837443003263,0.869077412349938,0.069505777132556,-0.00537730707865028,281.183739408454,5.13517699837701,-0.01525679728136,3.1718089,1.6340070247157,-0.0914853903219182,72.8121593,4.18869491942284,0.0184654967912614,83.2617519,4.1663259895241,-0.00263322123146992,75.3897545,4.10799348708034,-0.00566249357932946,647.991,6.32883637897203,0.124597859275116,497.266,6.05194092264236,0.0295035249868576,56.6925929997827,1.48189554596679,-0.00715564490003096,4127.91011263024,8.19612788939091,0.0184014775468029,93.6707143,3.7781437214393,0.0367998329899937,2.15040556093669,-7.01251249632132
62.8557318,0,-1.2182590975308,-61.8557318,2.26714313135797,0.283319249249521,1768.989,7.10009399607929,0.0541493148632055,35145683627491.6,30.6988876286949,0.0670820852100853,223.726,1545.263,6.90124402671324,0.066035892456096,802.71,6.2206716777123,0.00616558449245908,97128.6366884634,11.0278519765316,0.00753318772718892,-95583.3736884634,10.1474694950641,-0.0154926637748414,349.9649,5.61658817184575,0.101034266078097,285.387,5.62299496190643,0.0973193384073081,248.6,5.39938367528284,0.109138803825689,0.871097842578674,0.0713887711102142,0.00188299397765826,304.853669368261,5.26560985106027,0.130432852683264,2.5452126,1.50358189625839,-0.130425128457308,75.009611,4.22147831812472,0.0327833987018789,89.4948872,4.25860480209193,0.092278812567832,81.5495005,4.20445820087232,0.0964647137919794,729.721,6.46495272326239,0.136116344290359,565.44,6.20073430082957,0.148793378187209,54.9062977149453,0.961258485138869,-0.520637060827924,4118.50003304824,8.19352997887456,-0.0025979105163465,95.885561,3.82754577695193,0.0494020555126293,1.04536145522105,0.355264635398083
63.9917137,0.75892644727927,0.75892644727927,-62.9917137,2.14192391915208,-0.125219212205894,1783.55,7.11203563359703,0.0119416375177419,35667384945005.6,30.7228675010559,0.0239798723609539,232.681,1550.869,6.90687078793523,0.0056267612219969,804.544,6.22431087388358,0.00363919617127983,99242.7650342053,11.0616151974383,0.0337632209066161,-97691.8960342053,10.061256107831,-0.086213387233089,348.3303,5.61062534204808,-0.00596282979767082,292.181,5.64725057040048,0.0242556084940491,250.975,5.41005997326857,0.010676297985726,0.858970980316995,0.0600332207280199,-0.0113555503821943,299.205619265113,5.23599648117741,-0.0296133698828616,2.4986587,1.49317751946875,-0.0104043767896371,76.8986641,4.2488264286296,0.0273481105048843,90.9926774,4.27956536491583,0.0209605628239,82.8389171,4.22352480815594,0.0190666072836212,754.225,6.50239716514988,0.03744444188749,579.013,6.22788753511336,0.0271532342837908,55.6433882056602,1.20957980002146,0.248321314882587,4278.90221901297,8.23691603769734,0.0433860588227777,95.3754179,3.8163814627292,-0.0111643142227251,0.909641952070139,1.30474122926227
64.6908599,1.04208712134408,0.283160674064813,-63.6908599,2.05625727658622,-0.0856666425658599,1791.868,7.11879385987359,0.00675822627655354,36263144347965.9,30.749566111175,0.0266986101190767,242.325,1549.543,6.90554273310671,-0.00132805482851772,816.177,6.24709077730712,0.0227799034235412,100241.269122026,11.0771737264492,0.0155585290109208,-98691.7261220257,10.0176227531181,-0.043633354712906,340.3424,5.58096378133121,-0.0296615607168693,291.065,5.64330644596593,-0.00394412443455661,252.454,5.41665136150958,0.00659138824100935,0.867345781870029,0.0678891113240385,0.00785589059601857,295.194545031522,5.21442037410231,-0.0215761070750995,2.6501366,1.52664195805289,0.0334644385841403,78.7039737,4.27428128450192,0.0254548558723213,88.962334,4.2510449202841,-0.0285204446317291,81.8952094,4.20960597236262,-0.013918835793314,787.051,6.55045728384445,0.0480601186945728,615.907,6.29817321052351,0.0702856754101466,55.9423289673267,1.29500564280399,0.0854258427825292,4402.88358776123,8.26920681667359,0.0322907789762503,95.202869,3.81257690066544,-0.00380456206375612,0.488030112189388,-0.892512588811561
65.1049249,1.17840668859275,0.136319567248669,-64.1049249,2.00183053336079,-0.0544267432254246,1798.857,7.12443719884839,0.00564333897480562,37148499821439.3,30.7879708330965,0.0384047219215482,245.034,1553.823,6.9098230396907,0.00428030658398804,827.067,6.2679554817239,0.0208647044167849,101161.529722893,11.0913018314366,0.0141281049873836,-99607.7067228927,9.97590554093654,-0.0417172121815277,345.9186,5.60176229976903,0.0207985184378119,297.399,5.66548818557292,0.0221817396069977,259.653,5.4481286447762,0.0314772832666224,0.873079600133155,0.0732322849299437,0.00534317360590521,302.014472966621,5.2508332386062,0.0364128645038857,2.7868737,1.55591727620345,0.0292753181505554,79.8702325,4.29038759336192,0.0161063088599995,87.3138624,4.22727501431803,-0.0237699059660734,81.0055886,4.1963050628741,-0.0133009094885272,777.538,6.53676550790335,-0.0136917759411048,609.548,6.28640583260144,-0.0117673779220677,56.2365600616907,1.37251173316827,0.0775060903642888,4491.62712712745,8.29169597719528,0.0224891605216904,95.5513498,3.82024577121552,0.0076688705500727,0.559569293522302,-0.677592451690298
63.932536,0.730830269867653,-0.447576418725099,-62.932536,2.14884904552824,0.147018512167447,1846.854,7.16235563601443,0.0379184371660362,38446572461119.5,30.8417390001549,0.05376816705839,259.662,1587.192,6.94258067378331,0.0327576340926106,865.502,6.33829898166295,0.0703434999390451,101473.209678912,11.096041936677,0.00474010524041546,-99886.017678912,9.96287760894127,-0.0130279319952642,358.0842,5.6456906841793,0.0439283844102754,311.18,5.7121140042081,0.0466258186351727,268.609,5.48595394024867,0.0378252954724712,0.86319493540716,0.0640031689914689,-0.00922911593847471,309.096467889324,5.28729239794193,0.0364591593357337,2.1590195,1.41380682346258,-0.142110452740871,81.5440995,4.3130599543618,0.0226723609998745,88.2624884,4.24102252788184,0.0137475135638141,82.5858614,4.21981143404582,0.0235063711717274,801.061,6.57028614562445,0.0335206377211028,653.151,6.36444434158108,0.0780385089796418,54.9438177998434,0.975504630550395,-0.39700710261788,4480.3441455803,8.2888645802817,-0.00283139691357803,97.8266113,3.86892090093169,0.0486751297161736,1.70986346459045,1.64919720898128
64.0197153,0.77195073618622,0.0411204663185676,-63.0197153,2.13863030962189,-0.0102187359063564,1890.009,7.19526308625062,0.0329074502361957,39614308389831.2,30.8877558446092,0.0460168444542894,279.043,1610.966,6.9652813641116,0.0227006903282883,897.51,6.39332483230898,0.0550258506460324,103133.58467798,11.1209214953783,0.0248795587012847,-101522.61867798,9.88263058396049,-0.0802470249807836,379.3642,5.71817506924372,0.072484385064417,335.806,5.79037568089129,0.0782616766831961,292.568,5.58062753613141,0.094673595882746,0.871241133273378,0.0715221801533201,0.00751901116185118,330.517695531348,5.39011385495996,0.102821457018029,0.4796361,0.888793854004743,-0.525012969457833,83.9141165,4.34430710508052,0.0312471507187198,91.4328991,4.28564334591905,0.0446208180372079,87.1341923,4.28453766252441,0.064726228478591,863.706,6.65443469686248,0.0841485512380284,727.619,6.48507788574284,0.120633544161757,54.5677743746087,0.822622476042475,-0.15288215450792,4579.00657601663,8.31335603351832,0.0244914532366174,98.5600265,3.88411918171384,0.0151982807821502,1.45058363619909,0.70028188843745
63.891735,0.710988670396273,-0.0609620657899471,-62.891735,2.15359590472177,0.0149655950998846,1963.965,7.24925556802089,0.0539924817702664,40833018132008.4,30.9336249158809,0.0458690712717456,294.26,1669.705,7.0192536295337,0.053972265422102,923.967,6.43662781847455,0.0433029861655676,106680.349388175,11.1720803917374,0.0511588963591194,-105010.644388175,9.68652206283715,-0.196108521123342,431.2175,5.87549882788132,0.157323758637599,391.508,5.94761166199242,0.157235981101129,342.123,5.75191527995548,0.171287743824069,0.873859537991561,0.0739568848303709,0.00243470467705074,376.823525323876,5.58174354863222,0.191629693672266,1.6985549,1.29503208000799,0.406238226003252,85.6563247,4.36666991529145,0.0223628102109297,94.6116572,4.32846799211108,0.0428246461920336,89.5506623,4.31729419606887,0.0327565335444531,952.992,6.76331315160709,0.108878454744607,829.232,6.62923510784274,0.144157222099901,54.3188648413668,0.706829376016443,-0.115793100026032,4652.75432418753,8.33127885620521,0.0179228226868897,99.9215506,3.91173533805586,0.0276161563420136,0.764899105005251,0.522194862057954
65.6920463,1.3445121401047,0.633523469708427,-64.6920463,1.9191954684627,-0.234400436259069,1981.822,7.26186674000437,0.0126111719834805,41965583201576.9,30.9744443130299,0.040819397148919,307.102,1674.72,7.02372947968251,0.00447585014880492,940.313,6.46247392042355,0.0258461019490044,110015.783779536,11.2179144986138,0.0458341068763808,-108341.063779536,9.45475492860632,-0.231767134230829,434.1956,5.88382476923772,0.0083259413564063,408.862,5.99194418206474,0.044332520072321,356.012,5.79509071799032,0.0431754380348348,0.870738782278617,0.0710543942256253,-0.00290249060474553,378.070948014734,5.58643033434173,0.00468678570950942,1.8136074,1.3260574016527,0.0310253216447018,87.7397269,4.39277181910169,0.0261019038102432,96.2604895,4.34997932016502,0.0215113280539363,90.624896,4.33151844385396,0.0142242477850925,987.81,6.80275358782799,0.0394404362208993,877.643,6.69123226347592,0.0619971556331755,55.5124444978086,1.16973288364521,0.462903507628768,4870.64671978913,8.38243041507686,0.0511515588716538,98.4078456,3.88098453123179,-0.0307508068240603,0.661244519605083,1.21340271250556
65.9951762,1.42056157593266,0.0760494358279582,-64.9951762,1.87369931465875,-0.045496153803954,1971.675,7.25472013220773,-0.007146607796642,42106625032185.5,30.9794129620048,0.00496864897495897,300.292,1671.383,7.02075346325112,-0.00297601643139167,944.924,6.46964558750322,0.00717166707966932,110303.215582685,11.2217676802136,0.00385318159986348,-108631.832582685,9.43171970947498,-0.0230352191313354,423.3555,5.8531798755308,-0.0306448937069197,413.328,6.00304201879575,0.0110978367310013,359.299,5.80504159106294,0.00995087307261855,0.869282990748268,0.069697533530298,-0.00135686069532737,368.015735189728,5.54801086415303,-0.038419470188706,0.1395379,0.738166482050095,-0.587890919602602,91.3674949,4.43665706481226,0.0438852457105749,99.2365606,4.38767231528526,0.0376929951202367,95.1175283,4.38890695588601,0.0573885120320474,1026.058,6.84435850580223,0.0416049179742481,919.508,6.74191200644457,0.0506797429686543,55.9439134658017,1.29543953695774,0.125706653312525,5111.45522827268,8.43607521858156,0.0536448035047012,96.4654911,3.8400877923537,-0.0408967388780952,1.52252459240726,1.164281203194
68.2591509,1.85683208208825,0.436270506155588,-67.2591509,1.44653500334324,-0.427164311315502,1874.934,7.18389044172676,-0.0708296904809709,40791307928794.3,30.932089333557,-0.0473236284478133,284.466,1590.468,6.94573955498502,-0.0750139082660928,912.493,6.41807778215033,-0.051567805352887,108563.995213621,11.1982223051055,-0.0235453751081085,-106973.527213621,9.55649926521145,0.124779555736465,368.4574,5.68168068631371,-0.17149918921709,347.337,5.82501702844646,-0.178024990349287,293.417,5.5838233229759,-0.221218268087035,0.844761715567302,0.0465615468024195,-0.0231359867278785,311.258705337468,5.29816412567512,-0.249846738477904,3.0448697,1.60892336007474,0.870756878024643,91.8508493,4.44236147450757,0.00570440969530939,90.6687716,4.27506960637881,-0.112602708906449,87.1342423,4.28453835152373,-0.104368604362278,931.411,6.73806244314808,-0.106296062654152,809.686,6.60307217110818,-0.138839835336387,57.9028356270787,1.72482220421336,0.429382667255627,5318.42462922548,8.4799883805841,0.0439131620025375,93.1327609,3.76576708977817,-0.0743207025755286,0.926874720651593,-0.0506596133495212
65.5194571,1.29848047129387,-0.558351610794381,-64.5194571,1.94420329320529,0.497668289862049,1910.014,7.21015796952183,0.026267527795075,41960298285083.4,30.9742576542528,0.0421683206958079,296.57,1613.444,6.96761810482333,0.0218785498383101,919.643,6.42967754167595,0.0115997595256143,105711.974941252,11.1583701791525,-0.0398521259530291,-104098.530941252,9.74163125110599,0.185131985894541,347.2822,5.60678320247151,-0.0748974838422063,328.025,5.76630302355671,-0.0587140048897501,268.433,5.48522422807943,-0.0985990948964677,0.818330919899398,0.0210095082289954,-0.0255520385734241,284.191762190687,5.15272733722356,-0.145436788451566,-0.2848879,0.511427622528369,-1.09749573754637,94.8121876,4.47661735572982,0.0342558812222453,96.9393536,4.35870330818326,0.0836337018044553,95.4252107,4.39271933841495,0.108180986891218,958.796,6.76999667857675,0.0319342354286727,814.064,6.60899203651954,0.00591986541135459,55.3461780600835,1.11673562072748,-0.608086583485884,5247.49221717564,8.4651546739857,-0.014833706598397,96.1059973,3.83233165302212,0.0665645632439467,1.2935094890832,0.409594224375471
65.1149445,1.18148566314457,-0.116994808149298,-64.1149445,2.00047609105651,0.0562727978512179,1935.546,7.22885133426723,0.0186933647453946,42670054945642.4,30.9990188929694,0.0247612387166214,304.18,1631.366,6.98435782994241,0.0167397251190806,922.18,6.43376129886547,0.00408375718951959,106226.306549187,11.1656754669471,0.00730528779457629,-104594.940549187,9.71201578811746,-0.0296154629885326,348.632,5.61172858737205,0.00494538490054097,335.356,5.78899915881431,0.0226961352576049,273.999,5.50804735694483,0.0228231288653911,0.817039206097401,0.01974384899506,-0.00126565923393534,284.846012500149,5.15650412437877,0.0037767871552159,2.078085,1.39392596620106,0.88249834367269,95.4176994,4.48347952524971,0.00686216951989405,100.1398,4.39883669065261,0.0401333824693513,96.7112839,4.40849911601623,0.0157797776012867,1027.78,6.84619152882269,0.0761948502459386,874.659,6.6875199945571,0.0785279580375624,54.8818300103366,0.951857708663962,-0.164877912063517,5236.6979584482,8.46287791448078,-0.0022767595049249,97.314024,3.85815992987427,0.0258282768521534,0.393183345892593,0.170984081023684
64.144293,0.82792332316168,-0.353562339982887,-63.144293,2.12384427370087,0.123368182644354,1939.93,7.23202623898581,0.00317490471858672,43247419410439.1,31.018718720111,0.0196998271415794,312.445,1627.485,6.98075654610656,-0.00360128383585678,926.905,6.44132286534818,0.00756156648271311,104393.874693105,11.1394012689184,-0.0262741980286503,-102766.389693105,9.81702564228567,0.105009854168213,361.6467,5.65819741863572,0.0464688312636685,355.838,5.84980852459502,0.0608093657807043,284.03,5.54790808787709,0.0398607309322694,0.798200304633007,0.00110054061337992,-0.0186433083816801,288.666506109522,5.17827828450086,0.0217741601220833,-0.9525582,0,-1.39392596620106,97.6840446,4.50875363578168,0.025274110531968,102.539822,4.42791011662783,0.029073425975211,99.5695791,4.44270271869553,0.034203602679292,1039.724,6.85881395338839,0.0126224245656994,898.353,6.71662382878894,0.0291038342318419,53.8132173290299,0.419962798722297,-0.531894909941666,5256.69272163845,8.46709119003202,0.00421327555124229,97.7299868,3.86690125728528,0.00874132741100508,1.17645587102308,0.86931999529459
64.0867978,0.802479498159393,-0.025443825002287,-63.0867978,2.13069551341926,0.00685123971839596,1958.036,7.24503290547555,0.0130066664897406,43905964669831.8,31.0407246618804,0.0220059417693612,320.016,1638.02,6.99050223457135,0.00974568846479151,929.494,6.44544200302041,0.00411913767222583,104975.456532356,11.1478152586572,0.00841398973880914,-103337.436532356,9.78539987905202,-0.0316257632336487,371.5297,5.69209612112061,0.0338987024848905,367.65,5.88326639806291,0.0334578734678876,296.961,5.59705435759107,0.0491462697139751,0.807727458180335,0.0105722166280096,0.00947167601462972,300.094740219502,5.24071679703078,0.0624385125299192,0.854242,1.03204511565152,1.03204511565152,98.5516458,4.51826246108094,0.00950882529926389,102.0789774,4.42239270847808,-0.00551740814974533,100.1457982,4.44945854599617,0.00675582730064672,1056.479,6.87625635592273,0.0174424025343409,911.565,6.73249195416009,0.0158681253711457,53.6126284360226,0.278628243518764,-0.141334555203533,5283.61276803391,8.47273585956768,0.00564466953566445,98.3532042,3.87985661576365,0.0129553584783695,-1.22445668641689,-1.72342249135634
63.8086588,0.669329272803737,-0.133150225355657,-62.8086588,2.16319204007081,0.0324965266515442,1989.745,7.26741167397534,0.0223787684997809,44788439734169,31.0694740888278,0.028749426947396,324.789,1664.956,7.01499663475075,0.0244944001794005,937.966,6.45880369226663,0.0133616892462252,106238.609321013,11.1658495569865,0.0180342983292796,-104573.653321013,9.71330393237967,-0.0720959466723503,383.0887,5.73033839086808,0.0382422697474754,379.664,5.91618562042375,0.0329192223608405,303.214,5.61998048751554,0.0229261299244721,0.798637742846306,0.00153740223503705,-0.00903481439297259,305.949094677926,5.27125312938745,0.0305363323566761,0.2849502,0.80536292534977,-0.226682190301746,99.568806,4.52929650450213,0.0110340434211826,99.6784925,4.3931503325557,-0.0292423759223785,99.30632,4.43960090654678,-0.00985763944939233,1089.534,6.90980018673237,0.0335438308096405,947.086,6.77394613350215,0.0414541793420584,53.39307766624,0.0969136889210516,-0.181714554597712,5316.28499189279,8.47954413361851,0.0068082740508224,99.0484234,3.89411341181253,0.0142567960488891,0.337101180682398,-0.377330605778121
64.1213163,0.81783278303906,0.148503510235323,-63.1213163,2.12658785546727,-0.0366041846035339,2036.356,7.29942432421347,0.0320126502381335,45853660932462.7,31.1031108403108,0.0336367514829945,334.877,1701.479,7.04727884512185,0.0322822103711013,959.357,6.49176699597698,0.0329633037103481,109101.073136808,11.2055525491213,0.0397029921347762,-107399.594136808,9.52589574068391,-0.187408191695756,404.23,5.79671042526502,0.0663720343969354,404.23,5.98030222959561,0.0641166091718643,330.372,5.71387140976474,0.0938909222491997,0.817287187987037,0.019986953233044,0.018449550998007,330.372,5.38944905056776,0.118195921180311,0.2558308,0.792263290433641,-0.0130996349161294,100,4.53393755239129,0.00464104788916586,100,4.39711684260945,0.00396651005375048,100,4.44775345692382,0.00815255037703899,1128.511,6.94796012310425,0.0381599363718808,990.281,6.82214510167175,0.0481989681696016,53.5766207562959,0.250998662339075,0.154084973418023,5357.66207562959,8.48810034233673,0.00855620871822005,100,3.91330354718447,0.019190135371935,2.05534595061229,1.17005826942946
64.1213499,0.817847613539022,0.0000148304999627591,-63.1213499,2.12658384887844,-0.00000400658883492611,2085.222,7.33192044599697,0.0324961217835016,46620230034078.4,31.1266355119526,0.0235246716418303,343.269,1741.953,7.08187655519126,0.0345977100694048,979.509,6.5218574763665,0.0300904803895206,111696.377822355,11.2402362532925,0.0346837041712647,-109954.424822355,9.31967668129338,-0.206219059390536,434.8139,5.88554470839151,0.0888342831264879,438.816,6.06412445346317,0.0838222238675632,359.28,5.80498435516517,0.0911129454004271,0.818748632684314,0.0214184529912654,0.00143149975822135,356.003286097134,5.50008991583677,0.110640865269009,-0.3962125,0.442340573316107,-0.349922717117534,100.7190615,4.54162939948108,0.00769184708978621,95.3393586,4.3380189697271,-0.0590978728823535,96.0256333,4.40011736368445,-0.047636093239368,1172.175,6.98904766701826,0.0410875439140028,1032.191,6.86678952412886,0.0446444224571119,53.5657008329831,0.242466409979402,-0.00853225235967262,5395.08711648783,8.49577676998936,0.0076764276526351,100.7462582,3.9280996075492,0.0147960603647306,0.806054277692828,-0.130154381446155
63.797829,0.663768420109908,-0.154079193429114,-62.797829,2.16443623340102,0.0378523845225871,2132.398,7.36232161398582,0.0304011679888481,47687649225983.5,31.158497426388,0.031861914435364,351.173,1781.225,7.11434000657604,0.0324634513847837,1000.028,6.55159306071998,0.0297355843534826,113638.287960525,11.2654232154786,0.0251869621860106,-111857.062960525,9.13267461279612,-0.187002068497256,454.9029,5.93987568272814,0.0543309743366285,462.093,6.11682524407632,0.0527007906131471,388.037,5.88806599443036,0.0830816392651936,0.839737888260588,0.0417547402333739,0.0203362872421085,381.999200609618,5.60104758105521,0.100957665218436,-0.9194965,0.03252691729862,-0.409813656017487,102.1417024,4.55667534280712,0.0150459433260446,96.6794688,4.3553725496536,0.0173535799265014,97.854173,4.42231610702937,0.0221987433449229,1214.058,7.02693378496119,0.0378861179429295,1068.935,6.90435550629878,0.0375659821699177,53.2913123912726,0,-0.242466409979402,5443.2653707748,8.50557286878653,0.00979609879716925,101.1719661,3.93644307746808,0.00834346991888113,1.27920252990694,0.867022446651901
65.0826888,1.17153958791132,0.507771167801413,-64.0826888,2.00482985614537,-0.159606377255658,2164.163,7.38228303392067,0.0199614199348561,48782387754565.7,31.1901533347334,0.0316559083454031,363.561,1800.602,7.12997752602587,0.0156375194498315,1021.752,6.58214009073436,0.0305470300143798,117188.019618658,11.3098856979321,0.0444624824535662,-115387.417618658,8.65214038454714,-0.480534228248986,484.426,6.01471905294763,0.0748433702194991,498.744,6.19455619605956,0.0777309519832441,421.501,5.97678482529505,0.0887188308646918,0.845124953884157,0.0469081997958994,0.00515345956252548,409.400500910287,5.69746640268967,0.0964188216344626,-0.1194027,0.606038798865511,0.573511881566891,102.7239952,4.56276900771328,0.00609366490615582,99.7356053,4.39385609613193,0.0384835464783331,99.3970703,4.44067124579755,0.0183551387681771,1218.925,7.03124466905177,0.00431088409058233,1104.192,6.93912118529121,0.0347656789924278,54.1493499420596,0.619520850514114,0.619520850514114,5562.43756353125,8.52939975833024,0.0238268895437077,100.571527,3.92465478945538,-0.0117882880126965,0.476960687043522,0.158344681397455
